DNI;Nombre;Apellidos;Correo Electrónico (Opcional);Nombre de usuario;Contraseña (Si no hay contraseña, la contraseña será la misma que el nombre de usuario)
DNI;Nombre;Apellidos;Correo Electrónico (Opcional);Nombre de usuario;Contraseña (Si no hay contraseña, la contraseña será la misma que el nombre de usuario)
DNI;Nombre;Apellidos;Correo Electrónico (Opcional);Nombre de usuario;Contraseña (Si no hay contraseña, la contraseña será la misma que el nombre de usuario)
DNI;Nombre;Apellidos;Correo Electrónico (Opcional);Nombre de usuario;Contraseña (Si no hay contraseña, la contraseña será la misma que el nombre de usuario)
DNI;Nombre;Apellidos;Correo Electrónico (Opcional);Nombre de usuario;Contraseña (Si no hay contraseña, la contraseña será la misma que el nombre de usuario)
DNI;Nombre;Apellidos;Correo Electrónico (Opcional);Nombre de usuario;Contraseña (Si no hay contraseña, la contraseña será la misma que el nombre de usuario)
DNI;Nombre;Apellidos;Correo Electrónico (Opcional);Nombre de usuario;Contraseña (Si no hay contraseña, la contraseña será la misma que el nombre de usuario)
DNI;Nombre;Apellidos;Correo Electrónico (Opcional);Nombre de usuario;Contraseña (Si no hay contraseña, la contraseña será la misma que el nombre de usuario)
DNI;Nombre;Apellidos;Correo Electrónico (Opcional);Nombre de usuario;Contraseña (Si no hay contraseña, la contraseña será la misma que el nombre de usuario)
DNI;Nombre;Apellidos;Correo Electrónico (Opcional);Nombre de usuario;Contraseña (Si no hay contraseña, la contraseña será la misma que el nombre de usuario)
DNI;Nombre;Apellidos;Correo Electrónico (Opcional);Nombre de usuario;Contraseña (Si no hay contraseña, la contraseña será la misma que el nombre de usuario)